frequency_Hz,Zreal_ohm,Zimag_ohm
100000.0,18.09212832665006,-0.8974882359004579
79432.82347242821,18.466366142801387,-0.2622802940650002
63095.7344480193,17.79963263891111,-1.929221621066438
50118.72336272725,17.084876862092603,-1.3090015876481995
39810.71705534969,17.638160155610716,-0.9825465945062326
31622.776601683792,17.030295787296936,0.16879162759052857
25118.86431509582,18.336684125848393,0.26608334882289664
19952.62314968879,19.926481659311722,-2.938663423973046
15848.93192461114,17.792915428013597,-2.599740862202228
12589.254117941662,17.718649433018328,-1.2309681860509285
10000.0,19.148366941836265,-4.8390437414834
7943.282347242814,19.10807382450799,-3.5422807258582765
6309.57344480193,18.952835935900122,-3.7605157411190286
5011.872336272725,17.89041414274993,-2.9378010593930384
3981.071705534969,19.19538599620161,-4.598400112866634
3162.2776601683795,20.34258216104716,-7.013525546408568
2511.88643150958,18.241903622766003,-8.520969261181484
1995.2623149688789,19.74104195578322,-10.156038394111727
1584.893192461114,18.558239545970718,-10.19228262879308
1258.9254117941662,19.990655280359572,-15.168256005618645
1000.0,20.221882447876077,-18.219900496167092
794.3282347242813,23.302441575034635,-21.314744659904527
630.957344480193,23.56120064307692,-26.580098846764823
501.18723362727195,27.368236759560943,-32.33630493749155
398.1071705534969,29.81572603470943,-40.236121515091206
316.2277660168379,32.832103810598454,-47.02526933537554
251.18864315095797,34.60482729394215,-57.14003235388523
199.52623149688787,43.078224276418126,-66.428018670995
158.48931924611125,51.800453532246785,-79.94967978356176
125.89254117941661,62.780071399577444,-95.27552981606037
100.0,74.94764036685791,-110.25511243013263
79.43282347242814,94.40945726219636,-127.93497627152415
63.0957344480193,116.61357730200066,-142.3557535813573
50.118723362727195,144.38284469104218,-157.91679069779659
39.81071705534969,178.46726317902724,-168.0781032060535
31.622776601683793,211.08168103641552,-176.29753836495274
25.118864315095795,247.96927218014704,-174.51872558274997
19.952623149688787,283.95558041009286,-171.37013467177886
15.848931924611126,314.0990076922014,-161.3190133090762
12.589254117941662,342.33851490593776,-145.37978559590883
10.0,365.5699568083455,-130.46809223548166
7.943282347242805,383.93252412985174,-113.2246748168046
6.30957344480193,396.81101149972824,-95.46171054543687
5.011872336272725,409.51388650085545,-85.22957988572612
3.981071705534969,419.61827723251577,-72.71328174017346
3.1622776601683795,422.742189864876,-61.19382388664625
2.511886431509577,430.7959985509319,-52.012178200059324
1.9952623149688788,434.02742836890826,-45.5368483770171
1.584893192461111,436.4917034375656,-39.690695325901
1.2589254117941662,442.52657971466755,-33.95091573799995
1.0,443.56566785903647,-30.597389258807837
0.7943282347242805,443.5282835276528,-29.829082271578237
0.630957344480193,447.26642680908077,-26.874290532401638
0.5011872336272715,450.0522714343361,-25.654536532738422
0.3981071705534969,451.3567960385784,-26.530201747779568
0.31622776601683794,454.7224610449386,-25.112553045220547
0.2511886431509577,456.2901027524839,-27.16254864521728
0.19952623149688786,459.83245336574504,-26.196381273175042
0.1584893192461111,463.66109472917,-28.86797426601742
0.12589254117941662,464.3153399995982,-31.23244032336467
0.1,468.8980249288369,-34.80166077237862
